{"intrinsic": [[2059.0471439559833, 0.0, 935.1248081874216], [0.0, 2059.0471439559833, 635.052474560227], [0.0, 0.0, 1.0]], "extrinsic": [[0.9999944135207451, 0.0017267926275759344, -0.002862012320402869, 1.5439641908208435], [-0.0016833005658143062, 0.9998841227217824, 0.015129693588982756, -0.02326789235447021], [0.002887806521551894, -0.01512479144030509, 0.9998814436008807, 2.1153331179684765], [0.0, 0.0, 0.0, 1.0]], "file_path": "validation/segment-10203656353524179475_7625_000_7645_000_with_camera_labels/152268801507012900.jpg", "lane_lines": [{"uv": [[636.2649757645892, 649.4425171236642, 662.6812601175922, 673.4593455557804, 682.7624634231089, 689.3024713508956, 692.5783073975898, 693.9307951707783, 691.5785217746995, 686.9120864686804, 677.0581310080617, 663.1345726856557, 636.9247874680144, 597.4345124847816, 541.2037948456134, 443.435997520756, 341.0454066016305], [699.8859707611665, 703.7642006282645, 709.9479833156524, 716.2369687887698, 726.1950662938823, 737.160022846468, 748.9563823236607, 763.7563712576577, 779.579474145746, 797.2644854900018, 823.1597021887288, 850.6195753658111, 891.5369388693044, 951.6308355829194, 1025.4604801167893, 1152.202528857544, 1280]], "trackid": 1, "category": 20, "attribute": 0}, {"uv": [[673.9270612919053, 728.8200290943676, 779.1715762350486, 842.8830130641701, 948.6885774265066, 1015.6261163544276, 1104.7492266448435, 1243.1783348842348, 1403.7577000067722, 1920.0000000000002], [666.1273942966849, 670.0748334067099, 674.8038776826864, 681.186841000206, 693.7633469463822, 703.6656943716827, 717.7432308028073, 743.2587655842204, 774.7718448760727, 884.0193377700969]], "trackid": 2, "category": 21, "attribute": 0}, {"uv": [[657.3321292744185, 696.406947164846, 741.3059656637993, 774.9434573818633, 816.4712499739343, 877.3768479991593, 934.377257056738, 983.6437671350227, 1048.06063978441, 1112.8707833243277, 1244.9779048252628, 1386.009294184779], [680.5699551191183, 688.6466519309723, 699.974293617267, 710.2567745205891, 724.5794860935017, 751.7920211278359, 787.4951606017878, 830.188395009274, 894.1852954547518, 963.2787517433511, 1107.870040651426, 1280]], "trackid": 4, "category": 1, "attribute": 3}, {"uv": [[662.5124166936373, 727.4021417903238, 789.9504850536247, 863.2022881266882, 950.5023822000654, 1025.7610839874594, 1173.268139490752, 1445.8718815206462, 1598.73066692882, 1920], [671.6327540863185, 678.9913827055304, 689.025876277183, 702.0707179203312, 723.8121206589117, 745.2190402784371, 797.3984068510304, 906.4399036629881, 970.9951456406195, 1108.9583858526464]], "trackid": 3, "category": 1, "attribute": 4}, {"uv": [[672.9030551465481, 753.9082288346486, 821.0183544813597, 878.6680218871246, 932.4743781325052, 997.2193892189797, 1067.2859080659864, 1135.8742303128452, 1214.8099287607388, 1290.7892340083367, 1347.2563441339835, 1425.3051246217883, 1497.1454793889723, 1548.882360394146, 1614.2186501206797, 1687.7910167894086, 1754.3900015609822, 1822.6133518147892, 1920], [668.5326177108808, 675.9236007116199, 683.314583712359, 691.2968453531572, 698.9834676739258, 709.6264831949901, 722.0433346362319, 736.2340219976509, 753.9723811994247, 771.7107404011986, 785.014509802529, 805.1179835645393, 822.2650641262541, 836.1601121676435, 852.4202747692696, 871.228184413327, 887.471839235662, 906.1520422813472, 931.3297072559666]], "trackid": 5, "category": 2, "attribute": 0}]}