{"intrinsic": [[2059.0471439559833, 0.0, 935.1248081874216], [0.0, 2059.0471439559833, 635.052474560227], [0.0, 0.0, 1.0]], "extrinsic": [[0.9999944135207451, 0.0017267926275759344, -0.002862012320402869, 1.5439641908208435], [-0.0016833005658143062, 0.9998841227217824, 0.015129693588982756, -0.02326789235447021], [0.002887806521551894, -0.01512479144030509, 0.9998814436008807, 2.1153331179684765], [0.0, 0.0, 0.0, 1.0]], "file_path": "validation/segment-10203656353524179475_7625_000_7645_000_with_camera_labels/152268801497018700.jpg", "lane_lines": [{"uv": [[629.3775532516289, 650.5258390839297, 666.8276427463281, 677.4017856624785, 685.3323928495912, 688.8571071549746, 689.2976964431476, 684.0106249850725, 672.9379479810013, 659.3134323542938, 634.6439621364623, 595.1536871532295, 538.9229695140613, 441.1551721892041, 338.76458127007874], [688.320324264743, 696.2509314518558, 707.2656636561791, 719.1615744368482, 732.8198423702091, 748.2404674562617, 770.2699318649082, 792.2993962735549, 820.0565214284495, 846.8957584534761, 891.5369388693044, 951.6308355829194, 1025.4604801167893, 1152.202528857544, 1280]], "trackid": 1, "category": 20, "attribute": 0}, {"uv": [[675.8944759860336, 728.8200290943676, 779.8273811330914, 842.8830130641701, 949.3443823245494, 1015.6261163544276, 1105.0771290938649, 1243.5062373332562, 1403.7577000067722, 1920.0000000000002], [659.2414428672356, 663.1888819772606, 668.2458287022586, 675.2845969178209, 688.1890053130185, 698.7471576363617, 712.8246940674863, 738.3402288488995, 769.8533081407518, 879.4287034837973]], "trackid": 2, "category": 21, "attribute": 0}, {"uv": [[662.5124166936373, 727.4021417903238, 789.9504850536247, 863.2022881266882, 950.5023822000654, 1025.7610839874594, 1173.268139490752, 1445.8718815206462, 1598.73066692882, 1920], [666.8927155735057, 674.2513441927176, 684.2858377643702, 697.3306794075183, 719.0720821460989, 740.4790017656243, 792.6583683382175, 901.6998651501752, 966.2551071278067, 1104.2183473398325]], "trackid": 3, "category": 1, "attribute": 4}, {"uv": [[655.1485054376484, 704.0034672697094, 753.3193249681107, 804.9396619982128, 867.6214998204798, 936.2949839051694, 991.87780579563, 1050.5971587575386, 1116.0443717778467, 1251.973910161123, 1395.0063378561276], [673.9446963199468, 684.5453012457714, 697.450385503297, 714.0426366915441, 741.6963886719559, 786.8641835732953, 833.9798642035871, 894.2007692987659, 962.0046127825707, 1105.9588322102554, 1280]], "trackid": 4, "category": 1, "attribute": 3}, {"uv": [[670.3971214945303, 720.0645272594971, 789.5397674664446, 853.69349991286, 907.2042168382111, 971.3579492846264, 1015.1125686490019, 1063.5974171338503, 1105.5782005780484, 1180.6705878655578, 1242.163566431707, 1305.4303809180337, 1357.1672619232074, 1424.2773875699183, 1504.9869219379893, 1574.1665228249074, 1639.7984518714704, 1708.3867741183294, 1795.8960128470803, 1920], [661.8561924880582, 665.6995036484426, 672.203568689093, 680.7771089699503, 688.7593706107485, 699.4023861318128, 706.4977298125224, 715.0712700933798, 724.2360890142962, 740.4962516159222, 754.9825782973709, 769.764544298849, 782.7726743801499, 799.3284763018055, 819.4319500638157, 836.8746699455601, 853.4304718672156, 871.4644703890191, 893.3417800712068, 927.044662554577]], "trackid": 5, "category": 2, "attribute": 0}]}