{"file_path": "validation/segment-10203656353524179475_7625_000_7645_000_with_camera_labels/152268801507012900.jpg", "lane_lines": [{"category": 20, "uv": [[638.192138671875, 670.023250579834, 683.6001205444336, 688.4648323059082, 690.97412109375, 690.142650604248, 686.495189666748, 679.3702125549316, 669.2071151733398, 658.351936340332, 645.8142471313477, 632.1303176879883, 619.1415596008301, 605.6027984619141, 591.2067031860352, 576.9857597351074, 563.2284164428711, 549.2171859741211, 535.0798416137695, 521.3643836975098, 506.71680450439453, 492.9422950744629, 479.06776428222656, 467.5276851654053, 453.6822509765625, 440.84315299987793, 428.1983757019043, 416.10042572021484, 403.1528091430664, 390.56556701660156, 377.90319442749023, 365.3635883331299, 331.83385848999023], [703.0986022949219, 721.126708984375, 739.1548919677734, 757.1830749511719, 775.2112579345703, 793.2394409179688, 811.2675476074219, 829.2957305908203, 847.3239135742188, 865.3520965576172, 883.3802795410156, 901.4084625244141, 919.4366455078125, 937.4648284912109, 955.4929351806641, 973.5211181640625, 991.5493011474609, 1009.5774841308594, 1027.6056671142578, 1045.6338500976562, 1063.6620330810547, 1081.6902160644531, 1099.7183227539062, 1117.7465057373047, 1135.7746887207031, 1153.8027954101562, 1171.8309783935547, 1189.8591613769531, 1207.8873443603516, 1225.91552734375, 1243.9436340332031, 1261.9718170166016, 1280.0]]}, {"category": 2, "uv": [[907.9058647155762, 1019.1044998168945, 1117.9619979858398, 1206.8597030639648, 1288.982276916504, 1367.8483200073242, 1444.4192504882812, 1518.6922073364258, 1592.3493576049805, 1665.2664184570312, 1738.267707824707, 1808.9885330200195, 1877.5318908691406], [703.0986022949219, 721.126708984375, 739.1548919677734, 757.1830749511719, 775.2112579345703, 793.2394409179688, 811.2675476074219, 829.2957305908203, 847.3239135742188, 865.3520965576172, 883.3802795410156, 901.4084625244141, 919.4366455078125]]}, {"category": 1, "uv": [[829.3108177185059, 912.6371383666992, 981.0575866699219, 1040.3631591796875, 1093.9181900024414, 1145.0492477416992, 1195.096206665039, 1243.612403869629, 1291.7203903198242, 1337.2547149658203, 1382.1765518188477, 1425.505256652832, 1468.509178161621, 1512.9190063476562, 1556.9415664672852, 1602.3858261108398, 1648.1391906738281, 1693.0517578125, 1737.0974349975586, 1779.5901489257812, 1818.965721130371, 1854.1171646118164, 1884.6264266967773, 1908.0895614624023], [703.0986022949219, 721.126708984375, 739.1548919677734, 757.1830749511719, 775.2112579345703, 793.2394409179688, 811.2675476074219, 829.2957305908203, 847.3239135742188, 865.3520965576172, 883.3802795410156, 901.4084625244141, 919.4366455078125, 937.4648284912109, 955.4929351806641, 973.5211181640625, 991.5493011474609, 1009.5774841308594, 1027.6056671142578, 1045.6338500976562, 1063.6620330810547, 1081.6902160644531, 1099.7183227539062, 1117.7465057373047]]}, {"category": 1, "uv": [[676.4473342895508, 745.4637336730957, 807.4069976806641, 854.2170524597168, 890.4024124145508, 919.8200798034668, 944.0153503417969, 965.6332397460938, 986.1238861083984, 1006.1759948730469, 1023.966178894043, 1040.891990661621, 1057.1896362304688, 1073.5981750488281, 1089.7880172729492, 1105.9917068481445, 1122.238540649414, 1139.1968536376953, 1155.5403900146484, 1172.1506881713867, 1189.0874862670898, 1205.6244277954102, 1222.5850296020508, 1239.649543762207, 1256.8004608154297, 1274.5479583740234, 1292.4985885620117, 1310.1318740844727, 1327.4363708496094, 1344.5538711547852, 1361.2578964233398, 1379.7700881958008, 1399.0727233886719, 1533.7875366210938], [685.0704193115234, 703.0986022949219, 721.126708984375, 739.1548919677734, 757.1830749511719, 775.2112579345703, 793.2394409179688, 811.2675476074219, 829.2957305908203, 847.3239135742188, 865.3520965576172, 883.3802795410156, 901.4084625244141, 919.4366455078125, 937.4648284912109, 955.4929351806641, 973.5211181640625, 991.5493011474609, 1009.5774841308594, 1027.6056671142578, 1045.6338500976562, 1063.6620330810547, 1081.6902160644531, 1099.7183227539062, 1117.7465057373047, 1135.7746887207031, 1153.8027954101562, 1171.8309783935547, 1189.8591613769531, 1207.8873443603516, 1225.91552734375, 1243.9436340332031, 1261.9718170166016, 1280.0]]}, {"category": 2, "uv": [[932.1015930175781, 1036.8414688110352, 1128.3338928222656, 1211.5748977661133, 1291.7161560058594, 1368.1230926513672, 1444.0731811523438, 1518.5905838012695, 1587.012062072754, 1651.1160278320312, 1712.3651504516602, 1771.611671447754, 1832.1437072753906, 1891.7112350463867], [703.0986022949219, 721.126708984375, 739.1548919677734, 757.1830749511719, 775.2112579345703, 793.2394409179688, 811.2675476074219, 829.2957305908203, 847.3239135742188, 865.3520965576172, 883.3802795410156, 901.4084625244141, 919.4366455078125, 937.4648284912109]]}, {"category": 20, "uv": [[977.2827529907227, 1076.916847229004, 1182.2415161132812, 1285.3396224975586, 1382.4674606323242, 1471.9284439086914, 1557.0653915405273, 1638.4577178955078, 1718.6248397827148, 1796.609001159668, 1867.1097564697266], [703.0986022949219, 721.126708984375, 739.1548919677734, 757.1830749511719, 775.2112579345703, 793.2394409179688, 811.2675476074219, 829.2957305908203, 847.3239135742188, 865.3520965576172, 883.3802795410156]]}]}