{"file_path": "validation/segment-10203656353524179475_7625_000_7645_000_with_camera_labels/152268801497018700.jpg", "lane_lines": [{"category": 20, "uv": [[649.5150375366211, 677.4679756164551, 686.7765426635742, 688.9757537841797, 689.4354629516602, 686.996955871582, 682.3802375793457, 675.1566123962402, 664.797248840332, 654.0862655639648, 641.3564872741699, 627.7820205688477, 614.9929046630859, 601.9543647766113, 587.9108619689941, 573.695011138916, 560.0691032409668, 546.3521575927734, 532.2887420654297, 518.7030029296875, 503.7052917480469, 489.5920944213867, 474.9897766113281, 462.74980545043945, 448.1858825683594, 434.66883659362793, 421.27976417541504, 408.7433624267578, 395.45897483825684, 382.7665901184082, 370.3575611114502, 357.5638675689697, 331.21633529663086], [703.0986022949219, 721.126708984375, 739.1548919677734, 757.1830749511719, 775.2112579345703, 793.2394409179688, 811.2675476074219, 829.2957305908203, 847.3239135742188, 865.3520965576172, 883.3802795410156, 901.4084625244141, 919.4366455078125, 937.4648284912109, 955.4929351806641, 973.5211181640625, 991.5493011474609, 1009.5774841308594, 1027.6056671142578, 1045.6338500976562, 1063.6620330810547, 1081.6902160644531, 1099.7183227539062, 1117.7465057373047, 1135.7746887207031, 1153.8027954101562, 1171.8309783935547, 1189.8591613769531, 1207.8873443603516, 1225.91552734375, 1243.9436340332031, 1261.9718170166016, 1280.0]]}, {"category": 2, "uv": [[823.9638519287109, 943.2839584350586, 1054.9059677124023, 1148.8975524902344, 1233.328628540039, 1313.3982467651367, 1390.931053161621, 1466.7416381835938, 1540.8366394042969, 1614.1133880615234, 1685.823097229004, 1757.8696060180664, 1827.2962188720703, 1894.6575164794922], [685.0704193115234, 703.0986022949219, 721.126708984375, 739.1548919677734, 757.1830749511719, 775.2112579345703, 793.2394409179688, 811.2675476074219, 829.2957305908203, 847.3239135742188, 865.3520965576172, 883.3802795410156, 901.4084625244141, 919.4366455078125]]}, {"category": 1, "uv": [[776.5076065063477, 867.1622657775879, 946.7735481262207, 1008.6114120483398, 1063.7089920043945, 1115.741958618164, 1166.0497283935547, 1215.099105834961, 1262.8218841552734, 1310.0634384155273, 1355.0712203979492, 1399.9652481079102, 1442.7034378051758, 1484.684715270996, 1528.4258651733398, 1572.063217163086, 1617.8375244140625, 1664.2070388793945, 1709.4953155517578, 1753.7429809570312, 1796.6790390014648, 1836.7776489257812, 1872.9243850708008, 1904.519920349121], [685.0704193115234, 703.0986022949219, 721.126708984375, 739.1548919677734, 757.1830749511719, 775.2112579345703, 793.2394409179688, 811.2675476074219, 829.2957305908203, 847.3239135742188, 865.3520965576172, 883.3802795410156, 901.4084625244141, 919.4366455078125, 937.4648284912109, 955.4929351806641, 973.5211181640625, 991.5493011474609, 1009.5774841308594, 1027.6056671142578, 1045.6338500976562, 1063.6620330810547, 1081.6902160644531, 1099.7183227539062]]}, {"category": 2, "uv": [[861.331901550293, 975.0991058349609, 1074.294319152832, 1157.552833557129, 1234.1688537597656, 1310.7149505615234, 1385.5570220947266, 1459.9742889404297, 1534.3461227416992, 1604.7631072998047, 1672.7838134765625, 1738.5697174072266, 1802.109146118164, 1866.0289764404297], [685.0704193115234, 703.0986022949219, 721.126708984375, 739.1548919677734, 757.1830749511719, 775.2112579345703, 793.2394409179688, 811.2675476074219, 829.2957305908203, 847.3239135742188, 865.3520965576172, 883.3802795410156, 901.4084625244141, 919.4366455078125]]}, {"category": 1, "uv": [[705.1395034790039, 771.4144706726074, 828.160400390625, 867.5958824157715, 899.8411560058594, 927.5217819213867, 951.1556053161621, 971.8164825439453, 991.3253402709961, 1010.4306793212891, 1027.766990661621, 1044.155158996582, 1060.2178573608398, 1076.2408447265625, 1092.0503997802734, 1107.824935913086, 1123.6912536621094, 1140.2897644042969, 1156.2571334838867, 1172.4843978881836, 1189.6333694458008, 1205.9608840942383, 1222.356834411621, 1238.0665969848633, 1253.2529067993164, 1267.9535293579102, 1283.3173370361328, 1299.6447372436523, 1316.067008972168, 1332.3284912109375, 1348.9073181152344, 1368.794288635254, 1391.6582107543945, 1534.3207168579102], [685.0704193115234, 703.0986022949219, 721.126708984375, 739.1548919677734, 757.1830749511719, 775.2112579345703, 793.2394409179688, 811.2675476074219, 829.2957305908203, 847.3239135742188, 865.3520965576172, 883.3802795410156, 901.4084625244141, 919.4366455078125, 937.4648284912109, 955.4929351806641, 973.5211181640625, 991.5493011474609, 1009.5774841308594, 1027.6056671142578, 1045.6338500976562, 1063.6620330810547, 1081.6902160644531, 1099.7183227539062, 1117.7465057373047, 1135.7746887207031, 1153.8027954101562, 1171.8309783935547, 1189.8591613769531, 1207.8873443603516, 1225.91552734375, 1243.9436340332031, 1261.9718170166016, 1280.0]]}, {"category": 20, "uv": [[1011.6420364379883, 1116.8982696533203, 1219.9316024780273, 1317.1085357666016, 1407.985954284668, 1493.6479568481445, 1577.552375793457, 1658.5858154296875, 1738.5374450683594, 1814.9774551391602, 1883.6327362060547], [703.0986022949219, 721.126708984375, 739.1548919677734, 757.1830749511719, 775.2112579345703, 793.2394409179688, 811.2675476074219, 829.2957305908203, 847.3239135742188, 865.3520965576172, 883.3802795410156]]}]}